{"era5":{"label":"ERA5 (reanalysis + synthetic ensemble)","epochs":[1,2,3,4,5,6,7,8,9,10,11,12,13,14,15],"train_loss":[0.6142,0.5068,0.4144,0.3367,0.2716,0.219,0.1778,0.1483,0.1253,0.1114,0.1001,0.0952,0.087,0.0841,0.0828],"val_loss":[0.2892,0.1925,0.1419,0.1123,0.1004,0.1061,0.1238,0.1478,0.1728,0.1989,0.2206,0.2419,0.2566,0.2664,0.2713],"gate_mean":[0.2541,0.3189,0.337,0.3336,0.3208,0.3064,0.2936,0.2832,0.2753,0.2689,0.2647,0.2612,0.2595,0.2591,0.2598],"spread":[0.0434,0.0442,0.0535,0.0793,0.1188,0.1512,0.1738,0.1936,0.2156,0.2395,0.2647,0.29,0.3182,0.3469,0.3743],"best_epoch":5,"best_val_loss":0.100373,"final_gate":0.2598,"n_epochs":15},"wn2":{"label":"WeatherNext 2 (64-member physical ensemble)","epochs":[1,2,3,4,5,6,7,8,9,10,11,12,13,14,15,16,17,18,19,20,21],"train_loss":[0.9478,0.838,0.74,0.6505,0.5689,0.4948,0.4302,0.373,0.3224,0.279,0.2419,0.2086,0.182,0.1608,0.1425,0.1273,0.1165,0.1059,0.0982,0.0915,0.0882],"val_loss":[0.3277,0.2893,0.2569,0.2164,0.1723,0.1376,0.111,0.0931,0.0825,0.0777,0.0772,0.081,0.0865,0.0951,0.1068,0.115,0.1231,0.1312,0.1459,0.1503,0.1605],"gate_mean":[0.3718,0.4322,0.4573,0.4634,0.4607,0.4544,0.4504,0.4485,0.4471,0.447,0.445,0.4434,0.4427,0.4413,0.4395,0.4393,0.4382,0.438,0.4371,0.4396,0.441],"spread":[0.0088,0.0147,0.0264,0.0299,0.0318,0.038,0.062,0.0781,0.0908,0.1057,0.1175,0.1282,0.1401,0.1491,0.1561,0.1669,0.1768,0.1886,0.1957,0.207,0.2166],"best_epoch":11,"best_val_loss":0.077224,"final_gate":0.441,"n_epochs":21}}